PvP01_01_v2	LT635612.2
PvP01_02_v2	LT635613.2
PvP01_03_v2	LT635614.2
PvP01_04_v2	LT635615.1
PvP01_05_v2	LT635616.2
PvP01_06_v2	LT635617.2
PvP01_07_v2	LT635618.2
PvP01_08_v2	LT635619.1
PvP01_09_v2	LT635620.2
PvP01_10_v2	LT635621.2
PvP01_11_v2	LT635622.1
PvP01_12_v2	LT635623.1
PvP01_13_v2	LT635624.2
PvP01_14_v2	LT635625.2
PvP01_API_v2	LT635626.1
PvP01_MIT_v2	LT635627.1
Transfer.PVP01_00_1.final	FLZR02000001.1
Transfer.PVP01_00_10.final	FLZR02000010.1
Transfer.PVP01_00_100.final	FLZR02000100.1
Transfer.PVP01_00_101.final	FLZR02000101.1
Transfer.PVP01_00_102.final	FLZR02000102.1
Transfer.PVP01_00_103.final	FLZR02000103.1
Transfer.PVP01_00_104.final	FLZR02000104.1
Transfer.PVP01_00_105.final	FLZR02000105.1
Transfer.PVP01_00_106.final	FLZR02000106.1
Transfer.PVP01_00_107.final	FLZR02000107.1
Transfer.PVP01_00_108.final	FLZR02000108.1
Transfer.PVP01_00_109.final	FLZR02000109.1
Transfer.PVP01_00_11.final	FLZR02000011.1
Transfer.PVP01_00_110.final	FLZR02000110.1
Transfer.PVP01_00_111.final	FLZR02000111.1
Transfer.PVP01_00_112.final	FLZR02000112.1
Transfer.PVP01_00_113.final	FLZR02000113.1
Transfer.PVP01_00_114.final	FLZR02000114.1
Transfer.PVP01_00_115.final	FLZR02000115.1
Transfer.PVP01_00_116.final	FLZR02000116.1
Transfer.PVP01_00_117.final	FLZR02000117.1
Transfer.PVP01_00_118.final	FLZR02000118.1
Transfer.PVP01_00_119.final	FLZR02000119.1
Transfer.PVP01_00_12.final	FLZR02000012.1
Transfer.PVP01_00_120.final	FLZR02000120.1
Transfer.PVP01_00_121.final	FLZR02000121.1
Transfer.PVP01_00_122.final	FLZR02000122.1
Transfer.PVP01_00_123.final	FLZR02000123.1
Transfer.PVP01_00_124.final	FLZR02000124.1
Transfer.PVP01_00_125.final	FLZR02000125.1
Transfer.PVP01_00_126.final	FLZR02000126.1
Transfer.PVP01_00_127.final	FLZR02000127.1
Transfer.PVP01_00_128.final	FLZR02000128.1
Transfer.PVP01_00_129.final	FLZR02000129.1
Transfer.PVP01_00_13.final	FLZR02000013.1
Transfer.PVP01_00_130.final	FLZR02000130.1
Transfer.PVP01_00_131.final	FLZR02000131.1
Transfer.PVP01_00_132.final	FLZR02000132.1
Transfer.PVP01_00_133.final	FLZR02000133.1
Transfer.PVP01_00_134.final	FLZR02000134.1
Transfer.PVP01_00_135.final	FLZR02000135.1
Transfer.PVP01_00_136.final	FLZR02000136.1
Transfer.PVP01_00_137.final	FLZR02000137.1
Transfer.PVP01_00_138.final	FLZR02000138.1
Transfer.PVP01_00_139.final	FLZR02000139.1
Transfer.PVP01_00_14.final	FLZR02000014.1
Transfer.PVP01_00_140.final	FLZR02000140.1
Transfer.PVP01_00_141.final	FLZR02000141.1
Transfer.PVP01_00_142.final	FLZR02000142.1
Transfer.PVP01_00_143.final	FLZR02000143.1
Transfer.PVP01_00_144.final	FLZR02000144.1
Transfer.PVP01_00_145.final	FLZR02000145.1
Transfer.PVP01_00_146.final	FLZR02000146.1
Transfer.PVP01_00_147.final	FLZR02000147.1
Transfer.PVP01_00_148.final	FLZR02000148.1
Transfer.PVP01_00_149.final	FLZR02000149.1
Transfer.PVP01_00_15.final	FLZR02000015.1
Transfer.PVP01_00_150.final	FLZR02000150.1
Transfer.PVP01_00_151.final	FLZR02000151.1
Transfer.PVP01_00_152.final	FLZR02000152.1
Transfer.PVP01_00_153.final	FLZR02000153.1
Transfer.PVP01_00_154.final	FLZR02000154.1
Transfer.PVP01_00_155.final	FLZR02000155.1
Transfer.PVP01_00_156.final	FLZR02000156.1
Transfer.PVP01_00_157.final	FLZR02000157.1
Transfer.PVP01_00_158.final	FLZR02000158.1
Transfer.PVP01_00_159.final	FLZR02000159.1
Transfer.PVP01_00_16.final	FLZR02000016.1
Transfer.PVP01_00_160.final	FLZR02000160.1
Transfer.PVP01_00_161.final	FLZR02000161.1
Transfer.PVP01_00_162.final	FLZR02000162.1
Transfer.PVP01_00_163.final	FLZR02000163.1
Transfer.PVP01_00_164.final	FLZR02000164.1
Transfer.PVP01_00_165.final	FLZR02000165.1
Transfer.PVP01_00_166.final	FLZR02000166.1
Transfer.PVP01_00_167.final	FLZR02000167.1
Transfer.PVP01_00_168.final	FLZR02000168.1
Transfer.PVP01_00_169.final	FLZR02000169.1
Transfer.PVP01_00_17.final	FLZR02000017.1
Transfer.PVP01_00_170.final	FLZR02000170.1
Transfer.PVP01_00_171.final	FLZR02000171.1
Transfer.PVP01_00_172.final	FLZR02000172.1
Transfer.PVP01_00_173.final	FLZR02000173.1
Transfer.PVP01_00_174.final	FLZR02000174.1
Transfer.PVP01_00_175.final	FLZR02000175.1
Transfer.PVP01_00_176.final	FLZR02000176.1
Transfer.PVP01_00_177.final	FLZR02000177.1
Transfer.PVP01_00_178.final	FLZR02000178.1
Transfer.PVP01_00_179.final	FLZR02000179.1
Transfer.PVP01_00_18.final	FLZR02000018.1
Transfer.PVP01_00_180.final	FLZR02000180.1
Transfer.PVP01_00_181.final	FLZR02000181.1
Transfer.PVP01_00_182.final	FLZR02000182.1
Transfer.PVP01_00_183.final	FLZR02000183.1
Transfer.PVP01_00_184.final	FLZR02000184.1
Transfer.PVP01_00_185.final	FLZR02000185.1
Transfer.PVP01_00_186.final	FLZR02000186.1
Transfer.PVP01_00_187.final	FLZR02000187.1
Transfer.PVP01_00_188.final	FLZR02000188.1
Transfer.PVP01_00_189.final	FLZR02000189.1
Transfer.PVP01_00_19.final	FLZR02000019.1
Transfer.PVP01_00_190.final	FLZR02000190.1
Transfer.PVP01_00_191.final	FLZR02000191.1
Transfer.PVP01_00_192.final	FLZR02000192.1
Transfer.PVP01_00_193.final	FLZR02000193.1
Transfer.PVP01_00_194.final	FLZR02000194.1
Transfer.PVP01_00_195.final	FLZR02000195.1
Transfer.PVP01_00_196.final	FLZR02000196.1
Transfer.PVP01_00_197.final	FLZR02000197.1
Transfer.PVP01_00_198.final	FLZR02000198.1
Transfer.PVP01_00_199.final	FLZR02000199.1
Transfer.PVP01_00_2.final	FLZR02000002.1
Transfer.PVP01_00_20.final	FLZR02000020.1
Transfer.PVP01_00_200.final	FLZR02000200.1
Transfer.PVP01_00_201.final	FLZR02000201.1
Transfer.PVP01_00_202.final	FLZR02000202.1
Transfer.PVP01_00_203.final	FLZR02000203.1
Transfer.PVP01_00_204.final	FLZR02000204.1
Transfer.PVP01_00_205.final	FLZR02000205.1
Transfer.PVP01_00_206.final	FLZR02000206.1
Transfer.PVP01_00_207.final	FLZR02000207.1
Transfer.PVP01_00_208.final	FLZR02000208.1
Transfer.PVP01_00_209.final	FLZR02000209.1
Transfer.PVP01_00_21.final	FLZR02000021.1
Transfer.PVP01_00_210.final	FLZR02000210.1
Transfer.PVP01_00_211.final	FLZR02000211.1
Transfer.PVP01_00_212.final	FLZR02000212.1
Transfer.PVP01_00_213.final	FLZR02000213.1
Transfer.PVP01_00_214.final	FLZR02000214.1
Transfer.PVP01_00_215.final	FLZR02000215.1
Transfer.PVP01_00_216.final	FLZR02000216.1
Transfer.PVP01_00_217.final	FLZR02000217.1
Transfer.PVP01_00_218.final	FLZR02000218.1
Transfer.PVP01_00_219.final	FLZR02000219.1
Transfer.PVP01_00_22.final	FLZR02000022.1
Transfer.PVP01_00_220.final	FLZR02000220.1
Transfer.PVP01_00_221.final	FLZR02000221.1
Transfer.PVP01_00_222.final	FLZR02000222.1
Transfer.PVP01_00_223.final	FLZR02000223.1
Transfer.PVP01_00_224.final	FLZR02000224.1
Transfer.PVP01_00_225.final	FLZR02000225.1
Transfer.PVP01_00_226.final	FLZR02000226.1
Transfer.PVP01_00_23.final	FLZR02000023.1
Transfer.PVP01_00_24.final	FLZR02000024.1
Transfer.PVP01_00_25.final	FLZR02000025.1
Transfer.PVP01_00_26.final	FLZR02000026.1
Transfer.PVP01_00_27.final	FLZR02000027.1
Transfer.PVP01_00_28.final	FLZR02000028.1
Transfer.PVP01_00_29.final	FLZR02000029.1
Transfer.PVP01_00_3.final	FLZR02000003.1
Transfer.PVP01_00_30.final	FLZR02000030.1
Transfer.PVP01_00_31.final	FLZR02000031.1
Transfer.PVP01_00_32.final	FLZR02000032.1
Transfer.PVP01_00_33.final	FLZR02000033.1
Transfer.PVP01_00_34.final	FLZR02000034.1
Transfer.PVP01_00_35.final	FLZR02000035.1
Transfer.PVP01_00_36.final	FLZR02000036.1
Transfer.PVP01_00_37.final	FLZR02000037.1
Transfer.PVP01_00_38.final	FLZR02000038.1
Transfer.PVP01_00_39.final	FLZR02000039.1
Transfer.PVP01_00_4.final	FLZR02000004.1
Transfer.PVP01_00_40.final	FLZR02000040.1
Transfer.PVP01_00_41.final	FLZR02000041.1
Transfer.PVP01_00_42.final	FLZR02000042.1
Transfer.PVP01_00_43.final	FLZR02000043.1
Transfer.PVP01_00_44.final	FLZR02000044.1
Transfer.PVP01_00_45.final	FLZR02000045.1
Transfer.PVP01_00_46.final	FLZR02000046.1
Transfer.PVP01_00_47.final	FLZR02000047.1
Transfer.PVP01_00_48.final	FLZR02000048.1
Transfer.PVP01_00_49.final	FLZR02000049.1
Transfer.PVP01_00_5.final	FLZR02000005.1
Transfer.PVP01_00_50.final	FLZR02000050.1
Transfer.PVP01_00_51.final	FLZR02000051.1
Transfer.PVP01_00_52.final	FLZR02000052.1
Transfer.PVP01_00_53.final	FLZR02000053.1
Transfer.PVP01_00_54.final	FLZR02000054.1
Transfer.PVP01_00_55.final	FLZR02000055.1
Transfer.PVP01_00_56.final	FLZR02000056.1
Transfer.PVP01_00_57.final	FLZR02000057.1
Transfer.PVP01_00_58.final	FLZR02000058.1
Transfer.PVP01_00_59.final	FLZR02000059.1
Transfer.PVP01_00_6.final	FLZR02000006.1
Transfer.PVP01_00_60.final	FLZR02000060.1
Transfer.PVP01_00_61.final	FLZR02000061.1
Transfer.PVP01_00_62.final	FLZR02000062.1
Transfer.PVP01_00_63.final	FLZR02000063.1
Transfer.PVP01_00_64.final	FLZR02000064.1
Transfer.PVP01_00_65.final	FLZR02000065.1
Transfer.PVP01_00_66.final	FLZR02000066.1
Transfer.PVP01_00_67.final	FLZR02000067.1
Transfer.PVP01_00_68.final	FLZR02000068.1
Transfer.PVP01_00_69.final	FLZR02000069.1
Transfer.PVP01_00_7.final	FLZR02000007.1
Transfer.PVP01_00_70.final	FLZR02000070.1
Transfer.PVP01_00_71.final	FLZR02000071.1
Transfer.PVP01_00_72.final	FLZR02000072.1
Transfer.PVP01_00_73.final	FLZR02000073.1
Transfer.PVP01_00_74.final	FLZR02000074.1
Transfer.PVP01_00_75.final	FLZR02000075.1
Transfer.PVP01_00_76.final	FLZR02000076.1
Transfer.PVP01_00_77.final	FLZR02000077.1
Transfer.PVP01_00_78.final	FLZR02000078.1
Transfer.PVP01_00_79.final	FLZR02000079.1
Transfer.PVP01_00_8.final	FLZR02000008.1
Transfer.PVP01_00_80.final	FLZR02000080.1
Transfer.PVP01_00_81.final	FLZR02000081.1
Transfer.PVP01_00_82.final	FLZR02000082.1
Transfer.PVP01_00_83.final	FLZR02000083.1
Transfer.PVP01_00_84.final	FLZR02000084.1
Transfer.PVP01_00_85.final	FLZR02000085.1
Transfer.PVP01_00_86.final	FLZR02000086.1
Transfer.PVP01_00_87.final	FLZR02000087.1
Transfer.PVP01_00_88.final	FLZR02000088.1
Transfer.PVP01_00_89.final	FLZR02000089.1
Transfer.PVP01_00_9.final	FLZR02000009.1
Transfer.PVP01_00_90.final	FLZR02000090.1
Transfer.PVP01_00_91.final	FLZR02000091.1
Transfer.PVP01_00_92.final	FLZR02000092.1
Transfer.PVP01_00_93.final	FLZR02000093.1
Transfer.PVP01_00_94.final	FLZR02000094.1
Transfer.PVP01_00_95.final	FLZR02000095.1
Transfer.PVP01_00_96.final	FLZR02000096.1
Transfer.PVP01_00_97.final	FLZR02000097.1
Transfer.PVP01_00_98.final	FLZR02000098.1
Transfer.PVP01_00_99.final	FLZR02000099.1
Transfer.PvP01_00_1.final	FLZR02000001.1
Transfer.PvP01_00_10.final	FLZR02000010.1
Transfer.PvP01_00_100.final	FLZR02000100.1
Transfer.PvP01_00_101.final	FLZR02000101.1
Transfer.PvP01_00_102.final	FLZR02000102.1
Transfer.PvP01_00_103.final	FLZR02000103.1
Transfer.PvP01_00_104.final	FLZR02000104.1
Transfer.PvP01_00_105.final	FLZR02000105.1
Transfer.PvP01_00_106.final	FLZR02000106.1
Transfer.PvP01_00_107.final	FLZR02000107.1
Transfer.PvP01_00_108.final	FLZR02000108.1
Transfer.PvP01_00_109.final	FLZR02000109.1
Transfer.PvP01_00_11.final	FLZR02000011.1
Transfer.PvP01_00_110.final	FLZR02000110.1
Transfer.PvP01_00_111.final	FLZR02000111.1
Transfer.PvP01_00_112.final	FLZR02000112.1
Transfer.PvP01_00_113.final	FLZR02000113.1
Transfer.PvP01_00_114.final	FLZR02000114.1
Transfer.PvP01_00_115.final	FLZR02000115.1
Transfer.PvP01_00_116.final	FLZR02000116.1
Transfer.PvP01_00_117.final	FLZR02000117.1
Transfer.PvP01_00_118.final	FLZR02000118.1
Transfer.PvP01_00_119.final	FLZR02000119.1
Transfer.PvP01_00_12.final	FLZR02000012.1
Transfer.PvP01_00_120.final	FLZR02000120.1
Transfer.PvP01_00_121.final	FLZR02000121.1
Transfer.PvP01_00_122.final	FLZR02000122.1
Transfer.PvP01_00_123.final	FLZR02000123.1
Transfer.PvP01_00_124.final	FLZR02000124.1
Transfer.PvP01_00_125.final	FLZR02000125.1
Transfer.PvP01_00_126.final	FLZR02000126.1
Transfer.PvP01_00_127.final	FLZR02000127.1
Transfer.PvP01_00_128.final	FLZR02000128.1
Transfer.PvP01_00_129.final	FLZR02000129.1
Transfer.PvP01_00_13.final	FLZR02000013.1
Transfer.PvP01_00_130.final	FLZR02000130.1
Transfer.PvP01_00_131.final	FLZR02000131.1
Transfer.PvP01_00_132.final	FLZR02000132.1
Transfer.PvP01_00_133.final	FLZR02000133.1
Transfer.PvP01_00_134.final	FLZR02000134.1
Transfer.PvP01_00_135.final	FLZR02000135.1
Transfer.PvP01_00_136.final	FLZR02000136.1
Transfer.PvP01_00_137.final	FLZR02000137.1
Transfer.PvP01_00_138.final	FLZR02000138.1
Transfer.PvP01_00_139.final	FLZR02000139.1
Transfer.PvP01_00_14.final	FLZR02000014.1
Transfer.PvP01_00_140.final	FLZR02000140.1
Transfer.PvP01_00_141.final	FLZR02000141.1
Transfer.PvP01_00_142.final	FLZR02000142.1
Transfer.PvP01_00_143.final	FLZR02000143.1
Transfer.PvP01_00_144.final	FLZR02000144.1
Transfer.PvP01_00_145.final	FLZR02000145.1
Transfer.PvP01_00_146.final	FLZR02000146.1
Transfer.PvP01_00_147.final	FLZR02000147.1
Transfer.PvP01_00_148.final	FLZR02000148.1
Transfer.PvP01_00_149.final	FLZR02000149.1
Transfer.PvP01_00_15.final	FLZR02000015.1
Transfer.PvP01_00_150.final	FLZR02000150.1
Transfer.PvP01_00_151.final	FLZR02000151.1
Transfer.PvP01_00_152.final	FLZR02000152.1
Transfer.PvP01_00_153.final	FLZR02000153.1
Transfer.PvP01_00_154.final	FLZR02000154.1
Transfer.PvP01_00_155.final	FLZR02000155.1
Transfer.PvP01_00_156.final	FLZR02000156.1
Transfer.PvP01_00_157.final	FLZR02000157.1
Transfer.PvP01_00_158.final	FLZR02000158.1
Transfer.PvP01_00_159.final	FLZR02000159.1
Transfer.PvP01_00_16.final	FLZR02000016.1
Transfer.PvP01_00_160.final	FLZR02000160.1
Transfer.PvP01_00_161.final	FLZR02000161.1
Transfer.PvP01_00_162.final	FLZR02000162.1
Transfer.PvP01_00_163.final	FLZR02000163.1
Transfer.PvP01_00_164.final	FLZR02000164.1
Transfer.PvP01_00_165.final	FLZR02000165.1
Transfer.PvP01_00_166.final	FLZR02000166.1
Transfer.PvP01_00_167.final	FLZR02000167.1
Transfer.PvP01_00_168.final	FLZR02000168.1
Transfer.PvP01_00_169.final	FLZR02000169.1
Transfer.PvP01_00_17.final	FLZR02000017.1
Transfer.PvP01_00_170.final	FLZR02000170.1
Transfer.PvP01_00_171.final	FLZR02000171.1
Transfer.PvP01_00_172.final	FLZR02000172.1
Transfer.PvP01_00_173.final	FLZR02000173.1
Transfer.PvP01_00_174.final	FLZR02000174.1
Transfer.PvP01_00_175.final	FLZR02000175.1
Transfer.PvP01_00_176.final	FLZR02000176.1
Transfer.PvP01_00_177.final	FLZR02000177.1
Transfer.PvP01_00_178.final	FLZR02000178.1
Transfer.PvP01_00_179.final	FLZR02000179.1
Transfer.PvP01_00_18.final	FLZR02000018.1
Transfer.PvP01_00_180.final	FLZR02000180.1
Transfer.PvP01_00_181.final	FLZR02000181.1
Transfer.PvP01_00_182.final	FLZR02000182.1
Transfer.PvP01_00_183.final	FLZR02000183.1
Transfer.PvP01_00_184.final	FLZR02000184.1
Transfer.PvP01_00_185.final	FLZR02000185.1
Transfer.PvP01_00_186.final	FLZR02000186.1
Transfer.PvP01_00_187.final	FLZR02000187.1
Transfer.PvP01_00_188.final	FLZR02000188.1
Transfer.PvP01_00_189.final	FLZR02000189.1
Transfer.PvP01_00_19.final	FLZR02000019.1
Transfer.PvP01_00_190.final	FLZR02000190.1
Transfer.PvP01_00_191.final	FLZR02000191.1
Transfer.PvP01_00_192.final	FLZR02000192.1
Transfer.PvP01_00_193.final	FLZR02000193.1
Transfer.PvP01_00_194.final	FLZR02000194.1
Transfer.PvP01_00_195.final	FLZR02000195.1
Transfer.PvP01_00_196.final	FLZR02000196.1
Transfer.PvP01_00_197.final	FLZR02000197.1
Transfer.PvP01_00_198.final	FLZR02000198.1
Transfer.PvP01_00_199.final	FLZR02000199.1
Transfer.PvP01_00_2.final	FLZR02000002.1
Transfer.PvP01_00_20.final	FLZR02000020.1
Transfer.PvP01_00_200.final	FLZR02000200.1
Transfer.PvP01_00_201.final	FLZR02000201.1
Transfer.PvP01_00_202.final	FLZR02000202.1
Transfer.PvP01_00_203.final	FLZR02000203.1
Transfer.PvP01_00_204.final	FLZR02000204.1
Transfer.PvP01_00_205.final	FLZR02000205.1
Transfer.PvP01_00_206.final	FLZR02000206.1
Transfer.PvP01_00_207.final	FLZR02000207.1
Transfer.PvP01_00_208.final	FLZR02000208.1
Transfer.PvP01_00_209.final	FLZR02000209.1
Transfer.PvP01_00_21.final	FLZR02000021.1
Transfer.PvP01_00_210.final	FLZR02000210.1
Transfer.PvP01_00_211.final	FLZR02000211.1
Transfer.PvP01_00_212.final	FLZR02000212.1
Transfer.PvP01_00_213.final	FLZR02000213.1
Transfer.PvP01_00_214.final	FLZR02000214.1
Transfer.PvP01_00_215.final	FLZR02000215.1
Transfer.PvP01_00_216.final	FLZR02000216.1
Transfer.PvP01_00_217.final	FLZR02000217.1
Transfer.PvP01_00_218.final	FLZR02000218.1
Transfer.PvP01_00_219.final	FLZR02000219.1
Transfer.PvP01_00_22.final	FLZR02000022.1
Transfer.PvP01_00_220.final	FLZR02000220.1
Transfer.PvP01_00_221.final	FLZR02000221.1
Transfer.PvP01_00_222.final	FLZR02000222.1
Transfer.PvP01_00_223.final	FLZR02000223.1
Transfer.PvP01_00_224.final	FLZR02000224.1
Transfer.PvP01_00_225.final	FLZR02000225.1
Transfer.PvP01_00_226.final	FLZR02000226.1
Transfer.PvP01_00_23.final	FLZR02000023.1
Transfer.PvP01_00_24.final	FLZR02000024.1
Transfer.PvP01_00_25.final	FLZR02000025.1
Transfer.PvP01_00_26.final	FLZR02000026.1
Transfer.PvP01_00_27.final	FLZR02000027.1
Transfer.PvP01_00_28.final	FLZR02000028.1
Transfer.PvP01_00_29.final	FLZR02000029.1
Transfer.PvP01_00_3.final	FLZR02000003.1
Transfer.PvP01_00_30.final	FLZR02000030.1
Transfer.PvP01_00_31.final	FLZR02000031.1
Transfer.PvP01_00_32.final	FLZR02000032.1
Transfer.PvP01_00_33.final	FLZR02000033.1
Transfer.PvP01_00_34.final	FLZR02000034.1
Transfer.PvP01_00_35.final	FLZR02000035.1
Transfer.PvP01_00_36.final	FLZR02000036.1
Transfer.PvP01_00_37.final	FLZR02000037.1
Transfer.PvP01_00_38.final	FLZR02000038.1
Transfer.PvP01_00_39.final	FLZR02000039.1
Transfer.PvP01_00_4.final	FLZR02000004.1
Transfer.PvP01_00_40.final	FLZR02000040.1
Transfer.PvP01_00_41.final	FLZR02000041.1
Transfer.PvP01_00_42.final	FLZR02000042.1
Transfer.PvP01_00_43.final	FLZR02000043.1
Transfer.PvP01_00_44.final	FLZR02000044.1
Transfer.PvP01_00_45.final	FLZR02000045.1
Transfer.PvP01_00_46.final	FLZR02000046.1
Transfer.PvP01_00_47.final	FLZR02000047.1
Transfer.PvP01_00_48.final	FLZR02000048.1
Transfer.PvP01_00_49.final	FLZR02000049.1
Transfer.PvP01_00_5.final	FLZR02000005.1
Transfer.PvP01_00_50.final	FLZR02000050.1
Transfer.PvP01_00_51.final	FLZR02000051.1
Transfer.PvP01_00_52.final	FLZR02000052.1
Transfer.PvP01_00_53.final	FLZR02000053.1
Transfer.PvP01_00_54.final	FLZR02000054.1
Transfer.PvP01_00_55.final	FLZR02000055.1
Transfer.PvP01_00_56.final	FLZR02000056.1
Transfer.PvP01_00_57.final	FLZR02000057.1
Transfer.PvP01_00_58.final	FLZR02000058.1
Transfer.PvP01_00_59.final	FLZR02000059.1
Transfer.PvP01_00_6.final	FLZR02000006.1
Transfer.PvP01_00_60.final	FLZR02000060.1
Transfer.PvP01_00_61.final	FLZR02000061.1
Transfer.PvP01_00_62.final	FLZR02000062.1
Transfer.PvP01_00_63.final	FLZR02000063.1
Transfer.PvP01_00_64.final	FLZR02000064.1
Transfer.PvP01_00_65.final	FLZR02000065.1
Transfer.PvP01_00_66.final	FLZR02000066.1
Transfer.PvP01_00_67.final	FLZR02000067.1
Transfer.PvP01_00_68.final	FLZR02000068.1
Transfer.PvP01_00_69.final	FLZR02000069.1
Transfer.PvP01_00_7.final	FLZR02000007.1
Transfer.PvP01_00_70.final	FLZR02000070.1
Transfer.PvP01_00_71.final	FLZR02000071.1
Transfer.PvP01_00_72.final	FLZR02000072.1
Transfer.PvP01_00_73.final	FLZR02000073.1
Transfer.PvP01_00_74.final	FLZR02000074.1
Transfer.PvP01_00_75.final	FLZR02000075.1
Transfer.PvP01_00_76.final	FLZR02000076.1
Transfer.PvP01_00_77.final	FLZR02000077.1
Transfer.PvP01_00_78.final	FLZR02000078.1
Transfer.PvP01_00_79.final	FLZR02000079.1
Transfer.PvP01_00_8.final	FLZR02000008.1
Transfer.PvP01_00_80.final	FLZR02000080.1
Transfer.PvP01_00_81.final	FLZR02000081.1
Transfer.PvP01_00_82.final	FLZR02000082.1
Transfer.PvP01_00_83.final	FLZR02000083.1
Transfer.PvP01_00_84.final	FLZR02000084.1
Transfer.PvP01_00_85.final	FLZR02000085.1
Transfer.PvP01_00_86.final	FLZR02000086.1
Transfer.PvP01_00_87.final	FLZR02000087.1
Transfer.PvP01_00_88.final	FLZR02000088.1
Transfer.PvP01_00_89.final	FLZR02000089.1
Transfer.PvP01_00_9.final	FLZR02000009.1
Transfer.PvP01_00_90.final	FLZR02000090.1
Transfer.PvP01_00_91.final	FLZR02000091.1
Transfer.PvP01_00_92.final	FLZR02000092.1
Transfer.PvP01_00_93.final	FLZR02000093.1
Transfer.PvP01_00_94.final	FLZR02000094.1
Transfer.PvP01_00_95.final	FLZR02000095.1
Transfer.PvP01_00_96.final	FLZR02000096.1
Transfer.PvP01_00_97.final	FLZR02000097.1
Transfer.PvP01_00_98.final	FLZR02000098.1
Transfer.PvP01_00_99.final	FLZR02000099.1
